<odoo>

    <record id="account_group_template_1" model="account.group.template">
        <field name="chart_template_id" ref="br_coa_me_epp_chart_template"/>
        <field name="code_prefix_start">1</field>
        <field name="name">Ativo</field>
    </record>

    <record id="account_group_template_1_1" model="account.group.template">
        <field name="chart_template_id" ref="br_coa_me_epp_chart_template"/>
        <field name="code_prefix_start">1.1</field>
        <field name="name">Ativo Circulante</field>
        <field name="parent_id" ref="account_group_template_1"/>
    </record>

    <record id="account_group_template_1_1_1" model="account.group.template">
        <field name="chart_template_id" ref="br_coa_me_epp_chart_template"/>
        <field name="code_prefix_start">1.1.1</field>
        <field name="name">Caixa e Equivalentes de Caixa</field>
        <field name="parent_id" ref="account_group_template_1_1"/>
    </record>

    <record id="account_group_template_1_1_2" model="account.group.template">
        <field name="chart_template_id" ref="br_coa_me_epp_chart_template"/>
        <field name="code_prefix_start">1.1.2</field>
        <field name="name">Contas a Receber</field>
        <field name="parent_id" ref="account_group_template_1_1"/>
    </record>

    <record id="account_group_template_1_1_3" model="account.group.template">
        <field name="chart_template_id" ref="br_coa_me_epp_chart_template"/>
        <field name="code_prefix_start">1.1.3</field>
        <field name="name">Estoque</field>
        <field name="parent_id" ref="account_group_template_1_1"/>
    </record>

    <record id="account_group_template_1_1_4" model="account.group.template">
        <field name="chart_template_id" ref="br_coa_me_epp_chart_template"/>
        <field name="code_prefix_start">1.1.4</field>
        <field name="name">Outros Créditos</field>
        <field name="parent_id" ref="account_group_template_1_1"/>
    </record>

    <record id="account_group_template_1_3" model="account.group.template">
        <field name="chart_template_id" ref="br_coa_me_epp_chart_template"/>
        <field name="code_prefix_start">1.3</field>
        <field name="name">Ativo Não Circulante</field>
        <field name="parent_id" ref="account_group_template_1"/>
    </record>

    <record id="account_group_template_1_3_1" model="account.group.template">
        <field name="chart_template_id" ref="br_coa_me_epp_chart_template"/>
        <field name="code_prefix_start">1.3.1</field>
        <field name="name">Realizável a Longo Prazo</field>
        <field name="parent_id" ref="account_group_template_1_3"/>
    </record>

    <record id="account_group_template_1_3_2" model="account.group.template">
        <field name="chart_template_id" ref="br_coa_me_epp_chart_template"/>
        <field name="code_prefix_start">1.3.2</field>
        <field name="name">Investimentos</field>
        <field name="parent_id" ref="account_group_template_1_3"/>
    </record>

    <record id="account_group_template_1_3_3" model="account.group.template">
        <field name="chart_template_id" ref="br_coa_me_epp_chart_template"/>
        <field name="code_prefix_start">1.3.3</field>
        <field name="name">Imobilizado</field>
        <field name="parent_id" ref="account_group_template_1_3"/>
    </record>

    <record id="account_group_template_1_3_4" model="account.group.template">
        <field name="chart_template_id" ref="br_coa_me_epp_chart_template"/>
        <field name="code_prefix_start">1.3.4</field>
        <field name="name">Intangível</field>
        <field name="parent_id" ref="account_group_template_1_3"/>
    </record>

    <record id="account_group_template_2" model="account.group.template">
        <field name="chart_template_id" ref="br_coa_me_epp_chart_template"/>
        <field name="code_prefix_start">2</field>
        <field name="name">Passivo e Patrimônio Líquido</field>
    </record>

    <record id="account_group_template_2_1" model="account.group.template">
        <field name="chart_template_id" ref="br_coa_me_epp_chart_template"/>
        <field name="code_prefix_start">2.1</field>
        <field name="name">Passivo Circulante</field>
        <field name="parent_id" ref="account_group_template_2"/>
    </record>

    <record id="account_group_template_2_1_1" model="account.group.template">
        <field name="chart_template_id" ref="br_coa_me_epp_chart_template"/>
        <field name="code_prefix_start">2.1.1</field>
        <field name="name">Fornecedores Nacionais</field>
        <field name="parent_id" ref="account_group_template_2_1"/>
    </record>

    <record id="account_group_template_2_1_2" model="account.group.template">
        <field name="chart_template_id" ref="br_coa_me_epp_chart_template"/>
        <field name="code_prefix_start">2.1.2</field>
        <field name="name">Empréstimos e Financiamentos</field>
        <field name="parent_id" ref="account_group_template_2_1"/>
    </record>

    <record id="account_group_template_2_1_3" model="account.group.template">
        <field name="chart_template_id" ref="br_coa_me_epp_chart_template"/>
        <field name="code_prefix_start">2.1.3</field>
        <field name="name">Obrigações Fiscais</field>
        <field name="parent_id" ref="account_group_template_2_1"/>
    </record>

    <record id="account_group_template_2_1_4" model="account.group.template">
        <field name="chart_template_id" ref="br_coa_me_epp_chart_template"/>
        <field name="code_prefix_start">2.1.4</field>
        <field name="name">Obrigações Trabalhistas e Sociais</field>
        <field name="parent_id" ref="account_group_template_2_1"/>
    </record>

    <record id="account_group_template_2_1_5" model="account.group.template">
        <field name="chart_template_id" ref="br_coa_me_epp_chart_template"/>
        <field name="code_prefix_start">2.1.5</field>
        <field name="name">Contas a Pagar</field>
        <field name="parent_id" ref="account_group_template_2_1"/>
    </record>

    <record id="account_group_template_2_1_6" model="account.group.template">
        <field name="chart_template_id" ref="br_coa_me_epp_chart_template"/>
        <field name="code_prefix_start">2.1.6</field>
        <field name="name">Provisões</field>
        <field name="parent_id" ref="account_group_template_2_1"/>
    </record>

    <record id="account_group_template_2_2" model="account.group.template">
        <field name="chart_template_id" ref="br_coa_me_epp_chart_template"/>
        <field name="code_prefix_start">2.2</field>
        <field name="name">Passivo Não Circulante</field>
        <field name="parent_id" ref="account_group_template_2"/>
    </record>

    <record id="account_group_template_2_2_1" model="account.group.template">
        <field name="chart_template_id" ref="br_coa_me_epp_chart_template"/>
        <field name="code_prefix_start">2.2.1</field>
        <field name="name">Financiamentos</field>
        <field name="parent_id" ref="account_group_template_2_2"/>
    </record>

    <record id="account_group_template_2_2_2" model="account.group.template">
        <field name="chart_template_id" ref="br_coa_me_epp_chart_template"/>
        <field name="code_prefix_start">2.2.2</field>
        <field name="name">Outras Contas a Pagar</field>
        <field name="parent_id" ref="account_group_template_2_2"/>
    </record>

    <record id="account_group_template_2_3" model="account.group.template">
        <field name="chart_template_id" ref="br_coa_me_epp_chart_template"/>
        <field name="code_prefix_start">2.3</field>
        <field name="name">Patrimônio Líquido</field>
        <field name="parent_id" ref="account_group_template_2"/>
    </record>

    <record id="account_group_template_2_3_1" model="account.group.template">
        <field name="chart_template_id" ref="br_coa_me_epp_chart_template"/>
        <field name="code_prefix_start">2.3.1</field>
        <field name="name">Capital Social</field>
        <field name="parent_id" ref="account_group_template_2_3"/>
    </record>

    <record id="account_group_template_2_3_2" model="account.group.template">
        <field name="chart_template_id" ref="br_coa_me_epp_chart_template"/>
        <field name="code_prefix_start">2.3.2</field>
        <field name="name">Reservas</field>
        <field name="parent_id" ref="account_group_template_2_3"/>
    </record>

    <record id="account_group_template_2_3_3" model="account.group.template">
        <field name="chart_template_id" ref="br_coa_me_epp_chart_template"/>
        <field name="code_prefix_start">2.3.3</field>
        <field name="name">Passivo Circulante</field>
        <field name="parent_id" ref="account_group_template_2_3"/>
    </record>

    <record id="account_group_template_3" model="account.group.template">
        <field name="chart_template_id" ref="br_coa_me_epp_chart_template"/>
        <field name="code_prefix_start">3</field>
        <field name="name">Receitas, Custos e Despesas (Contas de Resultado)</field>
    </record>

    <record id="account_group_template_3_1" model="account.group.template">
        <field name="chart_template_id" ref="br_coa_me_epp_chart_template"/>
        <field name="code_prefix_start">3.1</field>
        <field name="name">Receita</field>
        <field name="parent_id" ref="account_group_template_3"/>
    </record>

    <record id="account_group_template_3_1_1" model="account.group.template">
        <field name="chart_template_id" ref="br_coa_me_epp_chart_template"/>
        <field name="code_prefix_start">3.1.1</field>
        <field name="name">Receitas de Venda</field>
        <field name="parent_id" ref="account_group_template_3_1"/>
    </record>

    <record id="account_group_template_3_1_2" model="account.group.template">
        <field name="chart_template_id" ref="br_coa_me_epp_chart_template"/>
        <field name="code_prefix_start">3.1.2</field>
        <field name="name">Receitas Financeiras</field>
        <field name="parent_id" ref="account_group_template_3_1"/>
    </record>

    <record id="account_group_template_3_1_3" model="account.group.template">
        <field name="chart_template_id" ref="br_coa_me_epp_chart_template"/>
        <field name="code_prefix_start">3.1.3</field>
        <field name="name">Outras Receitas Operacionais</field>
        <field name="parent_id" ref="account_group_template_3_1"/>
    </record>

    <record id="account_group_template_3_2" model="account.group.template">
        <field name="chart_template_id" ref="br_coa_me_epp_chart_template"/>
        <field name="code_prefix_start">3.2</field>
        <field name="name">Custos e Despesas</field>
        <field name="parent_id" ref="account_group_template_3"/>
    </record>

    <record id="account_group_template_3_2_1" model="account.group.template">
        <field name="chart_template_id" ref="br_coa_me_epp_chart_template"/>
        <field name="code_prefix_start">3.2.1</field>
        <field name="name">Custos dos Produtos, Mercadorias e Serviços Vendidos</field>
        <field name="parent_id" ref="account_group_template_3_2"/>
    </record>

    <record id="account_group_template_3_2_2" model="account.group.template">
        <field name="chart_template_id" ref="br_coa_me_epp_chart_template"/>
        <field name="code_prefix_start">3.2.2</field>
        <field name="name">Despesas Operacionais</field>
        <field name="parent_id" ref="account_group_template_3_2"/>
    </record>

    <record id="account_group_template_3_2_3" model="account.group.template">
        <field name="chart_template_id" ref="br_coa_me_epp_chart_template"/>
        <field name="code_prefix_start">3.2.3</field>
        <field name="name">Despesas Financeiras</field>
        <field name="parent_id" ref="account_group_template_3_2"/>
    </record>

    <record id="account_group_template_3_2_4" model="account.group.template">
        <field name="chart_template_id" ref="br_coa_me_epp_chart_template"/>
        <field name="code_prefix_start">3.2.4</field>
        <field name="name">Outras Despesas Operacionais</field>
        <field name="parent_id" ref="account_group_template_3_2"/>
    </record>

</odoo>
