<odoo>
    <record id="crom_sync_statement_sicoob" model="ir.cron">
        <field name="name">Sincronia do Extrato Sicoob</field>
        <field name="user_id" ref="base.user_root" />
        <field name="interval_number">24</field>
        <field name="interval_type">hours</field>
        <field name="numbercall">-1</field>
        <field name="model_id" ref="model_account_journal"/>
        <field name="state">code</field>
        <field name="code">model.cron_synchronize_statement()</field>
        <field name="active">True</field>
    </record>
</odoo>
