<?xml version="1.0" encoding="utf-8"?>
<odoo>
    <data noupdate="1">
        <record id="product_product_tax_ipi" model="product.product">
            <field name="name">Imposto IPI</field>
            <field name="default_code">IPI</field>
            <field name="type">service</field>
            <field name="sale_ok" eval="False"/>
            <field name="purchase_ok" eval="False"/>
            <field name="list_price">0.0</field>
        </record>
        <record id="product_product_tax_icmsst" model="product.product">
            <field name="name">Imposto ICMS ST</field>
            <field name="default_code">ICMSST</field>
            <field name="type">service</field>
            <field name="sale_ok" eval="False"/>
            <field name="purchase_ok" eval="False"/>
            <field name="list_price">0.0</field>
        </record>
    </data>
</odoo>
