<?xml version="1.0" encoding="utf-8"?>
<odoo>
    <data noupdate="1">
        <record id="product_category_expense_insurance" model="product.category">
            <field name="parent_id" ref="product.product_category_all"/>
            <field name="name">Despesa ou Seguro</field>
        </record>
        <record id="product_product_delivery" model="product.product">
            <field name="name">Entrega</field>
            <field name="default_code">ENT</field>
            <field name="type">service</field>
            <field name="sale_ok" eval="False"/>
            <field name="purchase_ok" eval="False"/>
            <field name="list_price">0.0</field>
        </record>
        <record id="product_product_expense" model="product.product">
            <field name="name">Despesa</field>
            <field name="default_code">DES</field>
            <field name="type">service</field>
            <field name="categ_id" ref="l10n_br_account.product_category_expense_insurance"/>
            <field name="sale_ok" eval="False"/>
            <field name="purchase_ok" eval="False"/>
            <field name="list_price">0.0</field>
        </record>
        <record id="product_product_insurance" model="product.product">
            <field name="name">Seguro</field>
            <field name="default_code">SEG</field>
            <field name="type">service</field>
            <field name="categ_id" ref="l10n_br_account.product_category_expense_insurance"/>
            <field name="sale_ok" eval="False"/>
            <field name="purchase_ok" eval="False"/>
            <field name="list_price">0.0</field>
        </record>
    </data>
</odoo>
