<odoo>
  <data noupdate="1">
    <record id="ir_cron_bank_slip_send_email" model="ir.cron">
      <field name="name">Enviar Boleto por Email</field>
      <field name="user_id" ref="base.user_root" />
      <field name="interval_number">30</field>
      <field name="state">code</field>
      <field name="interval_type">minutes</field>
      <field name="numbercall">-1</field>
      <field eval="True" name="active" />
      <field eval="False" name="doall" />
      <field name="model_id" ref="model_payment_transaction" />
      <field name="code">model.send_email_bank_slip_queue()</field>
    </record>
  </data>
</odoo>
