<odoo>
    <data noupdate="1">
        <record id="ir_cron_nfe_send" model="ir.cron">
            <field name="name">Cron Enviar NFe</field>
            <field name="user_id" ref="base.user_root" />
            <field name="interval_number">20</field>
            <field name="state">code</field>
            <field name="interval_type">minutes</field>
            <field name="numbercall">-1</field>
            <field eval="True" name="active" />
            <field eval="False" name="doall" />
            <field name="model_id" ref="model_eletronic_document"/>
            <field name="code">model.cron_send_nfe()</field>
        </record>

        <record id="ir_cron_nfe_send_email" model="ir.cron">
            <field name="name">Enviar NFe por Email</field>
            <field name="user_id" ref="base.user_root" />
            <field name="interval_number">30</field>
            <field name="state">code</field>
            <field name="interval_type">minutes</field>
            <field name="numbercall">-1</field>
            <field eval="True" name="active" />
            <field eval="False" name="doall" />
            <field name="model_id" ref="model_eletronic_document"/>
            <field name="code">model.send_email_nfe_queue()</field>
        </record>

        <record id="ir_cron_nfe_check" model="ir.cron">
            <field name="name">Cron Check NFe</field>
            <field name="user_id" ref="base.user_root" />
            <field name="interval_number">1</field>
            <field name="state">code</field>
            <field name="interval_type">minutes</field>
            <field name="numbercall">-1</field>
            <field eval="True" name="active" />
            <field eval="False" name="doall" />
            <field name="model_id" ref="model_eletronic_document"/>
            <field name="code">model.cron_check_status_nfse()</field>
        </record>
    </data>
</odoo>
